chain_tag,contract_address
ether,0x1d5586Da44328F28bfbBF59b808A87584355B3Ef
bsc,0x7d7583724245EEEBB745eBcB1cee0091FF43082b
ether,0x7E5433F02F4bf07C4f2a2D341C450E07d7531428
ether,0x871f28E58f2a0906e4a56a82aEc7f005b411F5c5
ether,0xbA6fA6e8500cD8eEDa8EbB9DFbCC554fF4A3EB77
ether,0x346d8598CfF576480E280cB74a3388513AE541Fa
bsc,0x69BD13F775505989883768ebd23D528c708D6Bcf
bsc,0x791626EB05E60FAc973646ac8D67B008b939fE88
bsc,0xf6F60B0E83d9837C1F247C575C8583b1d085D351
ether,0x85301f7b943fd132c8dBc33f8FD9d77109A84f28
bsc,0x87c75F8a69732bAd999CE1faB464526856215c77
bsc,0xDA148143379AE54e06d2429a5C80b19D4a9D6734
bsc,0x721a66C7767103E7DcacF8440E8DD074EDfF40A8
bsc,0xD5d8c2fd8A743A89BC497B2F180C52d719a007B9
ether,0x3763B7f83358171B1660ee209F327954cC463129
ether,0x043f64A4add524457F22B85FE8ee58bAF0edeC02
ether,0xf5836e292F716a7979F9BC5C2d3Ed59913e07962
ether,0x0A3340129816a86b62b7eafD61427f743c315ef8
ether,0xeaDF72Fd4733665854C76926F4473389FF1B78B1
bsc,0xcC53B45Db6BCa447455fB853d052A847996aA698
bsc,0x783FBEa45b32eAAA596b44412041DD1208025E83
ether,0x526e8E98356194b64EaE4C2d443cC8AAD367336f
ether,0x2b326A17B5Ef826Fa4e17D3836364ae1F0231a6f
ether,0xe6C6E86e04De96C4E3a29Ad480c94e7A471969Ab
bsc,0x5366c6BA729D9cF8d472500aFc1A2976aC2fE9fF
ether,0xA6D35c97Bd00B99a962393408aAa9EB275a45c5e
bsc,0x502b4A51ca7900F391d474268C907B110a277d6F
ether,0x16AE74E51CC134FcB374Be1F59fD7ABc41816B96
ether,0x035B62B1bd268B29E65d8adc51400ce22D71aC38
bsc,0x216CcfD4fB3f2267677598f96Ef1Ff151576480C
bsc,0xa905FF8853eDc498a2aCDDFDFaC4a56C2C599930
ether,0xf88D1D6D9DB9A39Dbbfc4B101CECc495bB0636F8
bsc,0xd3e06305b23a9441f435b2E93c6B30c363f34D93
bsc,0x0F41f9146dE354e5Ac6Bb3996e2E319Dc8a3Bb7f
bsc,0x107bb662eEa231d97DB75333c86De0A34Cf512c5
bsc,0x202E059a16D29a2F6aE0307AE3D574746b2B6305
bsc,0xA814aC3afdddA37017db2698793725AC20d56da6
bsc,0xa7Fe9c5D4b87b0d03E9bB99F4B4E76785de26b5D
ether,0x8C425Ee62D18b65Cc975767C27c42dE548D133A1
bsc,0x72B26645d321a251856c2285c254Ed1744918F29
ether,0x9d9820F10772FfceF842770b6581c07A97FED9e4
ether,0x03e7B13bcD9B8383f403696C1494845560607eCa
bsc,0xcDFe4af7BA0112867606dd649f49F070A932e705
ether,0x38702e5c98bA4AD4b786D5a075A5c74694cD616d
ether,0x154863eb71De4a34F88Ea57450840eAB1c71abA6
ether,0x8faA53A742Fc732B04dB4090A21e955Fe5c230be
ether,0x6cE5a85CFF4c70591DA82De5eb91c3Fa38B40595
ether,0xE897C0f9443785F8D4F0FA6e92a81066b3fbFEe2
bsc,0xC78483d50CFa3AeF8cF4799665eD1cd433FEdb50
bsc,0x20Dcf125f0563417d257B98A116c3fea4F0B2DB2
ether,0xaA5E7Da3129A60A26c3E88F2b12F362a154a0867
bsc,0x1c651B04bDd1C1718EEeafedE0A3c13e87024fa2
bsc,0x69ED5B59D977695650eC4B29E61c0Faa8cc0ed5C
bsc,0x56c783f46043eBB97Ec77CDa32778f4aaAd89ba1
ether,0x98C2e1E85F8bF737D9c1450dd26D4A4bf880B892
ether,0xb7FbF984A50cd7c66e6dA3448D68D9f3B7F24f33
ether,0xA8DF0A1df9820CD3f04656Ccf5a25340C94DF664
ether,0xA21a2B59d80dC42D332F778Cbb9eA127100e5d75
ether,0xA1038f644389C04318156D54E40679b98B686838
ether,0xFe141C32E36Ba7601D128F0C39DEdBE0F6aBb983
ether,0xDA2CCfC4557BA55eAda3cBEbd0AEFfCf97Fc14CA
ether,0xC69a24111142D35e19Bc07FB2f31C83d7b40766D
bsc,0xB8F83f38E262f28f4E7D80aa5a0216378E92Baf2
ether,0x83E056Ba00bEae4D8aA83dEb326a90A4E100d0c1
bsc,0x9CFfc95e742d22c1446a3d22E656bB23835a38ac
bsc,0xBA91dB0B31D60c45e0b03E6d515E45fcabC7b1CD
bsc,0x9Be508CE41ae5795E1eBc247101C40Da7D5742DB
ether,0x486cb3f61771Ed5483691dd65f4186DA9e37c68e
ether,0x743599BA5CfA3cE8c59691aF5ef279AaaFA2E4EB
bsc,0x6191203510c2a6442faECdb6C7bB837A76F02D23
bsc,0x45aA258AD08eeeb841c1C02eCA7658f9Dd4779C0
bsc,0xD138b9a58D3e5f4be1CD5eC90B66310e241C13CD
bsc,0x18703A4fD7b3688607AbF25424B6Ab304DEf2512
bsc,0x55252A6D50BFAd0E5F1009541284c783686F7f25
bsc,0x5336a15F27B74f62Cc182388C005dF419FFB58b8
ether,0x1Ae3929E1975043E5443868be91CAc12d8cc25Ec
ether,0xF466F9f431aEa853040EF837626b1c59CC963ce2
bsc,0x724CEFeF59D673359bcA2b5A9DbA47e8Feb30b4D
bsc,0x21aD028C185ac004474c21Ec5666189885f9e518
bsc,0xCdf0eB202cfD1f502F3fdca9006A4b5729AadEBC
bsc,0x1d448e9661C5abfC732EA81330C6439b0aa449B5
bsc,0xcDb3D057CA0cFDf630BAF3f90e9045dDEb9EA4cc
ether,0x34AA81da0Ef08f29f19E8D90b7e9D46DF1F9a984
ether,0x26Fe84754a1967d67b7bEFAa01b10d7B35BBaF0A
ether,0xB618D91Fe014BfCB9C8d440468b6C78e9adA9DA1
ether,0xca813e8ba2fd072BDe40Dd2264bc3774ff685D9c
bsc,0x8213E87Bb381919B292ACE364d97D3a1Ee38CAA4
bsc,0x9A6b926281B0C7bC4f775E81F42b13eDA9C1C98E
ether,0x0B09c86260C12294e3b967f0D523B4b2bcdFbeab
bsc,0x8991A6FA4ee05d67520834C4Ec677740E3e8f588
ether,0x2A77de7134D3C35B93f811499B6c49A92993BF50
ether,0x2D7973177d594237a9B347cd41082Af4CbB40f2b
ether,0xf73B8EA8838CbA9148fB182e267a000f7CFbA8dd
bsc,0x105e9b0266AE0Ae670b7FE9aF08cF32049f0dD21
bsc,0x1e2A251b29e84e1d6D762C78a9db5113f5Ce7C48
ether,0x2203A9021bbaF258F43bcB2273E4aA289D5BC2ce
ether,0xE9458215bEF3aa61a039EB59FfC283bf82B81C84
bsc,0x20a4b9a0D49ff14D16E29484F143975F293aD146
bsc,0x51873a0b615A51115F2cFBC2e24D9DB4BfA2e6E2
bsc,0xbd1c57965774540abB291b8bFDeA5Cb1071fca77
bsc,0x2A9AB219D4F82fBD9f522974Bd82Fe92c376F376
bsc,0x90Fa57D23b85cdD52C46b85636f44c47926ee2e3
bsc,0x9A366027E6bE5AE8441c9f54455e1d6C41F12E3C
bsc,0x19Ed7Cd5F1d2bD02713131344d6890454D7C599F
bsc,0xA4Fbc2c95aC4240277313BF3f810c54309dFcd6C
bsc,0xf635FeA87f0A8a444edE1dBB698D875dBb417829
ether,0x52d74eb7C01C763219DCE713dA97EBAE8B91728E
ether,0x6943e74D1109A728F25A2E634ba3d74e9E476Aed
bsc,0xbEA269fbea6CD928993fa5C6D177D4F3501D53cC
bsc,0x35353Ec557b9e23137AE27E9d4CC829D4DACe16b
bsc,0xC04c4914d14225345f1678a705a69aA5636B3a33
bsc,0xf08a01D2CaCE301aE69f07aF5fdFb2336da2F629
bsc,0xD088b5E169301d280129deb981d598A2Fd277b5c
bsc,0xA9DE288d61a7ED99CDD1109B051EF402d85a6b91
ether,0x2df07C054138Bf29348F35a12a22550230BD1405
ether,0x8102Ae88C617deb2A5471CAc90418Da4Ccd0579e
ether,0x9Fcc1409B56Cf235D9CdbbB86b6AD5089fA0EB0F
bsc,0xc6E451C8Fa3418b703121AC23e44803D143c5d5c
bsc,0x7d83FE202c51982A72e0A1146Ec37b4643c725d7
bsc,0x53F29b8F4A4AF0731B8D3B2c273d9602A0cf41ac
bsc,0xE95b5D8bB0985Ee17a1cbF70Cd8dC968ed256Fc8
bsc,0x1a14CCC8F353d16582c0DfaB907481b218475959
bsc,0x1609443a4e418923811b32C52e28844Fd1376D54
bsc,0x058baE36467a9fc5e1045dBDfFc2fd65B91C2203
ether,0xeBC29199C817Dc47BA12E3F86102564D640CBf99
bsc,0xaE16b31C5C57260280f5CE11964809a8b6bc1337
bsc,0xf34Ad6Cea329F62F4516FFE00317AB09d934fBa3
ether,0xD346f652A56D149d585b5447851928f42f61Fb27
ether,0x194fC30F9eeBa9AD673413629B47Fc00e71D90dF
bsc,0xd360b416cE273AB2358419b1015aCf476a3b30d9
bsc,0x1d79fcB1961B39363e6f4998957D8E92aB85C568
bsc,0x91Faa9B8f6aAcCB9cC05b5d29A2F0602e1b01F67
bsc,0x2021932C4Dde18727A827c15F4Bc0d6e7DE636aa
ether,0xEB8f71A5669A55Cf90e384C77e74c4bdf9aE7754
bsc,0xE02970BD38b283C3079720C1E71001abE001bc83
ether,0x5061F7e6dfc1a867D945d0ec39Ea2A33f772380A
bsc,0xBf7fC9E12BCD08eC7ef48377F2D20939E3B4845D
ether,0xDb2d869ac23715af204093e933f5EB57F2DC12a9
ether,0x69f0EdC352eCffC4EF49516c9b20eA88B3E947cb
ether,0x762d2A9f065304D42289f3f13Cc8EA23226d3b8C
ether,0xA33c965Ca6D3bdc42BDb23a79081757090eb7700
bsc,0xdD87D807774c8aA9D70FC6aF5912C97FaDBF531B
bsc,0x7EFc1491Dba397D4998F6Ea72070F94F2AC6a50a
bsc,0xB57601413404017E4E1430DdB05a4634e743Dc80
ether,0xa568d8A409FD1642ecb3BA4932eEDBb7C9C74D12
ether,0x3a5b7DB0BE9F74324370FBD65b75850A5c82D176
bsc,0x6066435edcE9C2772F3F1184b33FC5F7826d03e7
bsc,0x1FAe46B350C4A5F5C397Dbf25Ad042D3b9a5cb07
bsc,0x0B995C08ABddC0442BEE87d3a7C96b227f8e7268
bsc,0x568FF7493c47668e8aA3Dc286f48b6fA976bDfFE
bsc,0x87BFD80C2A05ee98Cfe188FD2a0e4d70187dB137
ether,0xed42Cb11b9D03c807ED1ba9c2eD1d3BA5Bf37340
ether,0x253dD81d642220267ccAc1d8202c0B96a92b299e
bsc,0xFeC94A4Fe3914f7a40A58ad544FA15315b97BfD4
bsc,0x5Dd07F8b12B8D5dBDF3664c2Fa7c37Da5048b462
bsc,0xe3293F89FD3B9336Ac2d514Ec4a90477ca94b0d8
bsc,0x3C4e5b099F3C02122079d124138377e1B9048629
ether,0x04C4f1B7E1434cD4bF875fBcEA4769aCcC5f2BEC
ether,0x6CAE33c1f2944168CA2f95aCBF5A632c7163d5f7
bsc,0x56B2B04E5cEa5274FC5F79d648EA7Da739A50b41
bsc,0xe1516444A609A9050d99Ff13Cf95C4ca3f868516
bsc,0x3D2d1C00b859ab56385e1a5Fc73E173297b25619
bsc,0xD5DE2914bC6D2f005228A04289e8D518c710a049
bsc,0xe4A5E6a59BB390A1Abc39eb6C6dd61d8f3e9BD58
bsc,0x0fd03CA89545C2Ca342c8B9785c2383b8b8EAbc5
bsc,0x02A1D194914BFDa8d5D46333cf6Dda485923C4C4
bsc,0x0b13D2B0d8571C3e8689158F6DB1eedf6E9602d3
bsc,0x0E647d34c4caF61D9E377a059A01b5C85AB1d82a
bsc,0x6d4023AD567416ddfdd28a9a02CBc370b14fA48c
ether,0xa68ccE4D90302B728aD60A0fD7baC7737cD3545F
bsc,0x3d743b2f760A431CC20047CB5c7758c9a8860D6b
bsc,0x41889546225DAEc32363cF227b85f32AA2572C06
bsc,0xb08Efc0933a4552d4294C729fed5176c5E3E63Fd
bsc,0x14Cab4bb0D3BFf14cc104D53C812bB1Cc882Ab3D
bsc,0xa792A5F442B07b3Cb8dA5867C4E6940Aa85C5bB5
bsc,0xf2DB8665d82E1a23895eD78b213D36D62EEc6BBc
ether,0x6cFa86a352339E766FF1cA119c8C40824f41F22D
ether,0x60032a41726241499B0c626c836C9099cb895c05
ether,0x8c761066Bc6c20e9c65eCe9972A9EB6Ed511Fd4d
bsc,0x71Ac864f9388eBD8e55a3cdBC501D79C3810467C
bsc,0x49F40B75E589460f8D84141d77B0D1B7afc5e8cC
bsc,0x4a7C762D9af1066C9241c8c1B63681fd1B438d05
ether,0xCFF07C4e6aa9E2fEc04DAaF5f41d1b10f3adAdF4
ether,0x9C5A2A6431523fBBC648fb83137A20A2C1789C56
bsc,0x8523C7661850D0Da4D86587ce9674DA23369fF26
bsc,0x450595E4A42cC08c14091B08DBab654A68B0a877
ether,0xa29E4fe451CCFa5e7DEF35188919ad7077A4DE8f
bsc,0x80e5FC0d72e4814cb52C16A18c2F2B87eF1Ea2d4
bsc,0x08a525104Ea2A92aBbcE8e4e61C667eED56f3B42
bsc,0x10FC0476a67c84D8b8ddb143a0fE9eE207b71d2C
ether,0xFD4DcCD754EAaA8C9196998c5Bb06A56dF6a1D95
bsc,0x83797825f6020A443B95Fa3932ab13Dd61d48b49
bsc,0xF1464de3A49CEC184f050C2c2c9baF7f40D89bcC
ether,0x4b77c789fa35B54dAcB5F6Bb2dAAa01554299d6C
bsc,0x9018B3C1D97Af57980105FA9744F39790C0124BF
bsc,0xC3143dEB43D467b1664498E532DEF43FA2B69e30
ether,0x2Df9c154fe24D081cfE568645Fb4075d725431e0
ether,0x9682f31b3f572988f93C2B8382586ca26A866475
bsc,0xD7ba198ce82f4c46AD8F6148CCFDB41866750231
ether,0xE167cdAAc8718b90c03Cf2CB75DC976E24EE86D3
bsc,0xFf333DE02129AF88aAe101ab777d3f5D709FeC6f
bsc,0x8CA8fD9C7641849A14CbF72FaF05c305B0c68a34
bsc,0xdE7E741bd9Dc7209b56f1ef3B663Efb288c928D4
bsc,0xfeD1B640633Fd0A4d77315d229918ab1f6E612f9
bsc,0x5EfD021Ab403B5b6bBD30fd2E3C26f83f03163d4
ether,0x140ccA423081ed0366765F18fC9f5Ed299699388
bsc,0x4e77DF7b9cDcECeC4115e59546F3EAcBA095a89f
ether,0x6554FF0f2B6613Bb2baa9A45788AD8574a805f6d
bsc,0xb0684b184718097fD679A2251F648b170804969a
bsc,0x129F0907146D4cAA07c6B68eAc58c41bc803BBEF
bsc,0x98Ebc1cE16cF0c914068a5D2013E0B09aCF5f433
bsc,0x5cB11ce550a2E6c24EBFC8DF86C5757b596e69c1
bsc,0x2109bbecB0a563e204985524Dd3DB2F6254AB419
bsc,0x586770E9643BE4Bda002f78bFd205546a6f492B3
bsc,0xA35ef9fA2F5E0527CB9fBB6F9D3a24cfeD948863
bsc,0xb8D700f30d93FAb242429245E892600dCC03935D
bsc,0xB2d7d06B67E67b8a3ACb281d1f9AaA2716F28BBB
bsc,0x3050547f75714856C39019203638E46d1FA99F7E
bsc,0x24367a7dad5D1C88a96226DF11eeBdf762af0C65
ether,0x880DF6cC30bb7934D065498Ed9163a6e3b5Aa67D
bsc,0x98607FE88FbF391E6c0Ee356bB8DE7a81434d259
bsc,0x4A444B4C586ADb88e34E23Eb35378fDD7D72b129
bsc,0x07D6Bc2a8088B142232Dc9Ca2f2e186E383084e2
ether,0x4FBB8840D37a21E38c8E438db27AAE7bb91aF052
bsc,0xC30808D9373093fBFCEc9e026457C6a9DaB706a7
bsc,0xCfb7909B7EB27b71fDC482A2883049351a1749d7
ether,0xbdbB5945f252bc3466A319CDcC3EE8056bf2e569
bsc,0x450bD5eC26A44e76a443159FaEe0E5335dCd69d2
bsc,0xD90328cB2207Ca9EFDAB3259FFeb83Fd45A889e2
bsc,0x3d817Ea746Edd02C088c4DF47C0eCe0BD28DcD72
ether,0x5992f10a5b284bE845947A1Ae1694f8560a89FA8
ether,0x3edf976dF38f7d6273884B4066e3689Ef547D816
ether,0xf508c58ce37ce40a40997C715075172691F92e2D
bsc,0x7cBfD7BCCd0a4a377eC6f6e44857eFe42c91b6eA
bsc,0x06B912354B167848a4A608a56BC26C680DAD3D79
bsc,0x3463A663De4cCC59C8B21190F81027096f18cf2a
bsc,0x24Cb6980995aEB7d5A9204e04B17dcD1e99a4694
bsc,0xC56389b085CBD45ccdf549004f1Ce319a31Dd976
bsc,0xc36827d242cf46C949cF3A425af378fa452eCa41
ether,0x32075bAd9050d4767018084F0Cb87b3182D36C45
ether,0x7336F819775B1D31Ea472681D70cE7A903482191
bsc,0x614a198523Aee53B420FD20d0c97481226C4cE85
bsc,0x4e284686FBCC0F2900F638B04C4D4b433C40a345
ether,0xb480Ac726528D1c195cD3bb32F19C92E8d928519
ether,0x0c3BFF87D13063eA505Ff639c3FF8FDBAF7af140
ether,0x89767960B76b009416Bc7ff4A4B79051eeD0A9EE
bsc,0x4770b5cb9d51EcB7AD5B14f0d4F2cEe8e5563645
ether,0x580CaC65C2620D194371ef29Eb887A7D8DCc91Bf
ether,0xB5C827FDbbee6f6E9df3A5cB499aEDf5927DE1B8
ether,0x10C509AA9ab291C76c45414e7CdBd375e1D5AcE8
ether,0xf079d7911c13369E7fd85607970036D2883aFcfD
bsc,0x0aa95DA2766749A081AfcD494F68236b749c5f41
ether,0x961D2B694D9097f35cfFfa363eF98823928a330d
ether,0xfbC2e6B188013fC5eacd9944e6b8cEd2C467464A
ether,0xA14660a33Cc608B902f5bB49c8213Bd4c8A4F4Ca
ether,0x1BAf1E57feEB33ab9853E87022C519cc954a918A
ether,0xbd51Cb8c06F768d3225b613B79B1386F4c83D1FA
bsc,0x1514AAA4dCF56c4Aa90da6a4ed19118E6800dc46
bsc,0x67d3737c410F4D206012Cad5cb41b2E155061945
bsc,0x8b2979D88Be70ba1b0C48691bDCAe7909d084401
bsc,0xb9b0090aaa81f374d66d94a8138D80CaA2002950
bsc,0xcc598232a75fB1B361510Bce4Ca39d7bC39cf498
bsc,0x288315639c1145F523Af6d7A5e4ccf8238CD6A51
bsc,0x2b528a28451e9853F51616f3B0f6D82Af8bEA6Ae
ether,0x910FD17B9Bfc42A6eEA822912f036EF5a080Be8A
ether,0x2B0b02ce19c322b4DD55A3949B4Fb6e9377f7913
ether,0xc6028a9Fa486F52efd2B95B949AC630d287CE0aF
ether,0xe7870231992Ab4b1A01814FA0A599115FE94203f
ether,0xBD2250D713bf98b7E00c26E2907370aD30f0891a
